round	subject	mode	scenkey	scenario	rps	p50	p99	p999	status
1	ours(swiftSystem)	full	_plaintext	-	35999.361684665884	0.754	22.512500000000003	46.393958	ok
1	ours(swiftSystem)	full	_json	-	37308.2675116009	0.616125	23.045375	90.182708	ok
1	ours(swiftSystem)	full	_payload	-	25935.28788645869	0.509417	60.671707999999995	175.81270800000001	ok
1	ours(swiftSystem)	full	_hello_world	-	19472.489340427433	0.526542	90.233125	246.48600000000002	ok
1	ours(swiftSystem)	full	_echo	-	24087.162969227258	0.588625	66.852583	148.09270899999999	ok
1	ours(swiftSystem)	floor	_plaintext	-	33455.598943281686	0.5213340000000001	37.523084	84.527333	ok
1	ours(swiftSystem)	floor	_json	-	35119.22110654733	0.528834	35.952167	82.530375	ok
1	ours(swiftSystem)	floor	_payload	-	35313.828122712184	0.513666	36.351042	81.69575	ok
1	ours(swiftSystem)	floor	_hello_world	-	33761.724581318216	0.512667	39.8435	84.838667	ok
1	ours(swiftSystem)	floor	_echo	-	29579.31386415016	0.458625	51.730875000000005	110.858791	ok
1	bun	floor	_plaintext	-	13728.64664179425	1.9686249999999998	43.67575	76.104083	ok
1	bun	floor	_json	-	27242.616728288576	1.8764999999999998	6.612959	64.95345900000001	ok
1	bun	floor	_payload	-	41090.70708804068	1.4705840000000001	3.146959	4.294959	ok
1	bun	floor	_hello_world	-	40931.67754344347	1.470042	3.15875	4.119125	ok
1	bun	floor	_echo	-	37638.15787484865	1.6043749999999999	3.355375	3.812458	ok
1	hummingbird	floor	_plaintext	-	45164.97002454867	0.552958	14.717042	39.309667	ok
1	hummingbird	floor	_json	-	47403.079032838876	0.5521659999999999	14.194791	31.651917	ok
1	hummingbird	floor	_payload	-	43441.98869062986	0.537625	15.963542	41.529292000000005	ok
1	hummingbird	floor	_hello_world	-	45113.194597378555	0.559416	15.002417000000001	36.648958	ok
1	hummingbird	floor	_echo	-	38693.579671962776	0.580833	19.657709	48.93	ok
1	rust	floor	_plaintext	-	59906.83113748233	0.9985829999999999	2.79125	7.976749999999999	ok
1	rust	floor	_json	-	59915.92166044703	0.994333	3.007625	9.870000000000001	ok
1	rust	floor	_payload	-	58988.31933434844	0.9705	4.0344999999999995	13.036875	ok
1	rust	floor	_hello_world	-	55963.64978074797	0.939334	6.509167	24.636000000000003	ok
1	rust	floor	_echo	-	51246.058979822774	0.663125	12.084958	36.68325	ok
1	go	floor	_plaintext	-	39750.829362488264	0.5222910000000001	23.32025	58.24325	ok
1	go	floor	_json	-	45222.08101463665	0.479292	19.735209	43.613792	ok
1	go	floor	_payload	-	44014.804622552445	0.479875	20.482708	46.523292	ok
1	go	floor	_hello_world	-	47310.89150838417	0.552042	15.735665999999998	38.645167	ok
1	go	floor	_echo	-	53383.70132479324	0.696	8.636666	17.079792	ok
1	ours(posixKqueue)	full	_plaintext	-	51048.75340833991	0.782625	9.390667	17.134166999999998	ok
1	ours(posixKqueue)	full	_json	-	51471.16935039054	0.808	8.764875	17.074125	ok
1	ours(posixKqueue)	full	_payload	-	48345.45039269286	0.723667	11.438875	24.444125	ok
1	ours(posixKqueue)	full	_hello_world	-	46626.41296047865	0.702833	12.425541	34.514167	ok
1	ours(posixKqueue)	full	_echo	-	34730.53156245274	0.53125	36.254333	77.679375	ok
1	nginx	floor	_plaintext	-	30658.464426467453	1.60175	16.574667	32.159834	ok
1	nginx	floor	_json	-	43920.038412593545	1.4151660000000001	2.7282080000000004	7.414667	ok
1	nginx	floor	_payload	-	48528.460050228154	1.324083	1.6895829999999998	2.635625	ok
1	nginx	floor	_hello_world	-	44673.56006768793	1.401167	2.6697499999999996	7.195042	ok
1	nginx	floor	_echo	-	0	0	0	0	na
1	ours(posixKqueue)	floor	_plaintext	-	41469.903672990804	0.6190829999999999	23.79075	70.252625	ok
1	ours(posixKqueue)	floor	_json	-	45494.57374243835	0.73275	11.341708	75.436083	ok
1	ours(posixKqueue)	floor	_payload	-	47083.55516345963	0.6351249999999999	13.212458	31.537083	ok
1	ours(posixKqueue)	floor	_hello_world	-	39258.02917524799	0.585333	22.358	96.273292	ok
1	ours(posixKqueue)	floor	_echo	-	33633.80292047575	0.479208	38.283875	86.090291	ok
1	vapor	floor	_plaintext	-	40623.470227292135	0.686208	12.8215	30.763083	ok
1	vapor	floor	_json	-	30749.342360910097	0.530209	26.933333	57.388542	ok
1	vapor	floor	_payload	-	34505.70727618063	0.562291	19.608082999999997	35.745708	ok
1	vapor	floor	_hello_world	-	39939.62311865353	0.817833	10.692	21.260624999999997	ok
1	vapor	floor	_echo	-	41434.241820484574	0.6784169999999999	11.885	36.295958000000006	ok
1	caddy	floor	_plaintext	-	43951.528935858114	0.666333	14.112625	40.993209	ok
1	caddy	floor	_json	-	43105.97444698963	0.6935	13.38475	34.419917	ok
1	caddy	floor	_payload	-	51787.86988609961	0.673708	9.692375	19.246458	ok
1	caddy	floor	_hello_world	-	47854.21364505229	0.703125	11.145458	27.187333000000002	ok
1	caddy	floor	_echo	-	0	0	0	0	na
2	rust	floor	_plaintext	-	57469.782740238195	0.818083	7.045666	16.203625	ok
2	rust	floor	_json	-	52425.7659834013	0.898041	7.4510000000000005	43.502625	ok
2	rust	floor	_payload	-	44230.99494405694	0.536292	20.955708	49.726875	ok
2	rust	floor	_hello_world	-	46307.591606994865	0.550375	19.034958	46.981041000000005	ok
2	rust	floor	_echo	-	44102.998274285885	0.553125	19.77	50.462417	ok
2	nginx	floor	_plaintext	-	19416.201576752934	2.15075	21.446792	33.925042000000005	ok
2	nginx	floor	_json	-	15452.873649233452	2.061666	53.036708000000004	112.25233399999999	ok
2	nginx	floor	_payload	-	31902.368123218217	1.795042	5.017584	26.067415999999998	ok
2	nginx	floor	_hello_world	-	29732.119809616688	1.724833	14.166959	36.219417	ok
2	nginx	floor	_echo	-	0	0	0	0	na
2	hummingbird	floor	_plaintext	-	43209.59225900805	0.53225	17.402250000000002	37.155833	ok
2	hummingbird	floor	_json	-	41967.2609999483	0.53525	17.790791	51.579917	ok
2	hummingbird	floor	_payload	-	28778.108185207515	0.594959	32.960334	98.26579100000001	ok
2	hummingbird	floor	_hello_world	-	30413.52435231898	0.558833	31.60425	65.159667	ok
2	hummingbird	floor	_echo	-	31039.348784484882	0.5657080000000001	30.933333	63.806166	ok
2	bun	floor	_plaintext	-	12775.053759680031	2.68	53.013875	117.54270799999999	ok
2	bun	floor	_json	-	10960.836946379919	2.6452080000000002	65.306583	215.038417	ok
2	bun	floor	_payload	-	14013.645428575122	2.435333	47.302083	71.443541	ok
2	bun	floor	_hello_world	-	18344.604704695717	2.318417	24.203208	47.191625	ok
2	bun	floor	_echo	-	12421.516034269911	2.915292	45.039542000000004	93.688917	ok
2	caddy	floor	_plaintext	-	43288.093687025554	0.644459	15.202458	40.553167	ok
2	caddy	floor	_json	-	39960.80714477664	0.635791	17.635542	43.478084	ok
2	caddy	floor	_payload	-	43510.11952470471	0.5865	16.035083	36.907375	ok
2	caddy	floor	_hello_world	-	43855.210542645844	0.70125	12.773207999999999	29.055583	ok
2	caddy	floor	_echo	-	0	0	0	0	na
2	ours(swiftSystem)	full	_plaintext	-	44145.36865972833	0.733125	14.798125	31.523708999999997	ok
2	ours(swiftSystem)	full	_json	-	24959.806889546122	0.6503340000000001	58.990666999999995	135.08937500000002	ok
2	ours(swiftSystem)	full	_payload	-	26312.742284927535	0.583166	63.550041	131.212958	ok
2	ours(swiftSystem)	full	_hello_world	-	22592.416049052335	0.6874589999999999	71.28233300000001	162.384417	ok
2	ours(swiftSystem)	full	_echo	-	28719.62668450661	0.594542	46.547	127.65495800000001	ok
2	ours(posixKqueue)	full	_plaintext	-	42753.2963448776	0.698542	16.014416	53.642292	ok
2	ours(posixKqueue)	full	_json	-	31872.087368429344	0.681125	28.972834	146.291125	ok
2	ours(posixKqueue)	full	_payload	-	32531.534737235448	0.538583	40.998374999999996	106.85887500000001	ok
2	ours(posixKqueue)	full	_hello_world	-	29287.365835476157	0.554708	48.857375000000005	109.267375	ok
2	ours(posixKqueue)	full	_echo	-	24595.222734418818	0.546625	66.474458	157.959792	ok
2	vapor	floor	_plaintext	-	38152.519634911216	0.54825	16.282167	38.744458	ok
2	vapor	floor	_json	-	31654.176614986285	0.5349579999999999	25.405333	66.918917	ok
2	vapor	floor	_payload	-	30853.112010888864	0.5142089999999999	26.371	80.074459	ok
2	vapor	floor	_hello_world	-	30303.175939915665	0.553709	27.537	65.200542	ok
2	vapor	floor	_echo	-	45698.708129016995	0.6407090000000001	9.120790999999999	17.175791	ok
2	ours(posixKqueue)	floor	_plaintext	-	44473.29793991643	0.54875	21.048667000000002	74.68670800000001	ok
2	ours(posixKqueue)	floor	_json	-	55772.911935629294	0.751	7.465667	15.813958999999999	ok
2	ours(posixKqueue)	floor	_payload	-	53569.7550384487	0.6882499999999999	9.437167	17.243250000000003	ok
2	ours(posixKqueue)	floor	_hello_world	-	34868.39758430556	0.55325	32.582166	103.607625	ok
2	ours(posixKqueue)	floor	_echo	-	35293.351123575296	0.5181250000000001	34.973334	87.3505	ok
2	ours(swiftSystem)	floor	_plaintext	-	35878.12371104038	0.515	34.20375	83.46199999999999	ok
2	ours(swiftSystem)	floor	_json	-	31291.271624097695	0.534959	42.348541000000004	101.641125	ok
2	ours(swiftSystem)	floor	_payload	-	34942.550954414044	0.47733299999999995	37.842792	84.167125	ok
2	ours(swiftSystem)	floor	_hello_world	-	32018.96424727462	0.51425	41.082292	96.290292	ok
2	ours(swiftSystem)	floor	_echo	-	37605.71269162661	0.468458	34.625583	75.93858300000001	ok
2	go	floor	_plaintext	-	46393.351253780245	0.487209	19.2385	43.661417	ok
2	go	floor	_json	-	43417.2219701772	0.48974999999999996	21.141292	49.107749999999996	ok
2	go	floor	_payload	-	52956.86911468895	0.6677919999999999	9.832834	20.354750000000003	ok
2	go	floor	_hello_world	-	52446.45549606126	0.688084	9.440624999999999	24.156	ok
2	go	floor	_echo	-	54729.45521688354	0.731958	7.471417	12.816166	ok
3	rust	floor	_plaintext	-	59288.686343270805	0.9765	3.459083	13.138874999999999	ok
3	rust	floor	_json	-	53505.52686599053	0.9474159999999999	7.735042	26.002875000000003	ok
3	rust	floor	_payload	-	59500.27925122326	0.9820829999999999	3.271834	10.822417000000002	ok
3	rust	floor	_hello_world	-	59522.748032123796	0.988792	2.914667	10.439709	ok
3	rust	floor	_echo	-	50815.32755104411	0.764916	14.644875	50.718125	ok
3	hummingbird	floor	_plaintext	-	36837.557858211774	0.48275	25.016083000000002	51.470124999999996	ok
3	hummingbird	floor	_json	-	39790.400380588886	0.516917	19.967	49.578042	ok
3	hummingbird	floor	_payload	-	30425.196619086204	0.485291	36.048334000000004	73.571833	ok
3	hummingbird	floor	_hello_world	-	32085.314844575863	0.481083	34.921208	66.584083	ok
3	hummingbird	floor	_echo	-	43422.811971921736	0.523208	17.566	36.670708000000005	ok
3	ours(posixKqueue)	full	_plaintext	-	53798.7668491494	0.789708	7.871958	15.904084	ok
3	ours(posixKqueue)	full	_json	-	50304.26690817474	0.756834	10.011375	19.371958000000003	ok
3	ours(posixKqueue)	full	_payload	-	47033.58981909756	0.711333	11.863667	35.503166	ok
3	ours(posixKqueue)	full	_hello_world	-	49658.9503873231	0.763583	10.200541000000001	20.191457999999997	ok
3	ours(posixKqueue)	full	_echo	-	50012.03089189628	0.686417	11.394207999999999	20.631625	ok
3	vapor	floor	_plaintext	-	46697.47567717855	0.73325	7.766083	14.570291000000001	ok
3	vapor	floor	_json	-	45955.38170672801	0.7127089999999999	8.783833	29.663791	ok
3	vapor	floor	_payload	-	49576.858450481355	0.78225	6.409208	11.813792	ok
3	vapor	floor	_hello_world	-	46411.0571903378	0.862958	6.943708	14.747917	ok
3	vapor	floor	_echo	-	48593.98446923964	0.7306250000000001	7.291665999999999	13.993291999999999	ok
3	ours(posixKqueue)	floor	_plaintext	-	41359.47786760139	0.552333	20.730958	73.345958	ok
3	ours(posixKqueue)	floor	_json	-	35477.84226292863	0.572667	29.847125	76.72295899999999	ok
3	ours(posixKqueue)	floor	_payload	-	23539.840229603546	0.49345900000000004	68.22425	178.22850000000003	ok
3	ours(posixKqueue)	floor	_hello_world	-	28096.34246766302	0.45837500000000003	60.064458	151.922125	ok
3	ours(posixKqueue)	floor	_echo	-	31659.49143992658	0.48174999999999996	46.466083	99.339541	ok
3	go	floor	_plaintext	-	41847.08721309118	0.475542	20.99025	52.202625000000005	ok
3	go	floor	_json	-	41289.8569080846	0.45075	24.336916	50.995583999999994	ok
3	go	floor	_payload	-	37531.0522993615	0.5065	25.681625	64.987584	ok
3	go	floor	_hello_world	-	44752.13316168721	0.47354199999999996	20.163875	43.768583	ok
3	go	floor	_echo	-	42751.22019024353	0.509916	20.119125	45.705458	ok
3	ours(swiftSystem)	floor	_plaintext	-	30733.293180393157	0.46004100000000003	50.286249999999995	109.953125	ok
3	ours(swiftSystem)	floor	_json	-	39849.38133932879	0.49104200000000003	28.042375	69.235709	ok
3	ours(swiftSystem)	floor	_payload	-	47745.49766405125	0.5917910000000001	14.621709000000001	30.470083	ok
3	ours(swiftSystem)	floor	_hello_world	-	51663.58560802256	0.6332920000000001	11.848291	23.361167	ok
3	ours(swiftSystem)	floor	_echo	-	51616.96239020027	0.60675	11.620333	23.78725	ok
3	bun	floor	_plaintext	-	31240.175839210424	1.755167	5.225750000000001	22.437959	ok
3	bun	floor	_json	-	41810.320188961094	1.451041	3.048292	3.599083	ok
3	bun	floor	_payload	-	41421.66431821965	1.4655	3.0674159999999997	3.6305	ok
3	bun	floor	_hello_world	-	41222.983487821366	1.466833	3.065959	3.6095829999999998	ok
3	bun	floor	_echo	-	39192.75483414414	1.551625	3.222291	3.677833	ok
3	ours(swiftSystem)	full	_plaintext	-	54757.99018985316	0.778	7.255958	14.436584	ok
3	ours(swiftSystem)	full	_json	-	54923.48634106298	0.778917	7.401625	14.070375	ok
3	ours(swiftSystem)	full	_payload	-	53540.129975555574	0.719875	9.093583	19.296416999999998	ok
3	ours(swiftSystem)	full	_hello_world	-	49656.24874869204	0.761292	10.005167	21.417541	ok
3	ours(swiftSystem)	full	_echo	-	54675.07744856002	0.864	6.537916	13.778959	ok
3	nginx	floor	_plaintext	-	48870.60848310705	1.31625	1.643708	2.199875	ok
3	nginx	floor	_json	-	49713.54395500836	1.30075	1.5699589999999999	1.7095420000000001	ok
3	nginx	floor	_payload	-	48228.097994671574	1.333167	1.7069159999999999	2.511708	ok
3	nginx	floor	_hello_world	-	40017.407972130386	1.4334580000000001	4.598	19.226291999999997	ok
3	nginx	floor	_echo	-	0	0	0	0	na
3	caddy	floor	_plaintext	-	53826.268450380885	0.805625	7.026542	14.284084	ok
3	caddy	floor	_json	-	48102.41008363813	0.746541	10.62575	24.665875	ok
3	caddy	floor	_payload	-	50323.925406882554	0.720166	9.592792	18.513458	ok
3	caddy	floor	_hello_world	-	51927.325092479965	0.8085	8.004000000000001	16.597125000000002	ok
3	caddy	floor	_echo	-	0	0	0	0	na
