root	ours(posixKqueue)	51723	0.816	8.403	16.763
_json	ours(posixKqueue)	50312	0.854	7.776	13.840
_payload	ours(posixKqueue)	43447	0.944	10.986	23.368
_hello_world	ours(posixKqueue)	42064	0.725	15.372	49.743
_echo	ours(posixKqueue)	50856	0.854	7.938	16.393
root	ours(swiftSystem)	49414	0.892	7.945	14.999
_json	ours(swiftSystem)	49656	0.861	8.393	16.551
_payload	ours(swiftSystem)	45797	1.009	7.925	16.147
_hello_world	ours(swiftSystem)	50331	0.852	8.109	18.575
_echo	ours(swiftSystem)	50723	0.904	7.749	15.685
root	nginx	40418	1.455	3.383	18.856
_json	nginx	41329	1.503	2.437	3.643
_payload	nginx	21463	1.848	26.982	87.003
_hello_world	nginx	32561	1.722	7.021	22.360
_echo	nginx	N/A	-	-	-
root	rust	33804	0.667	29.528	84.852
_json	rust	29333	0.632	36.601	93.806
_payload	rust	36741	0.594	26.423	77.270
_hello_world	rust	54559	0.840	8.203	19.571
_echo	rust	51160	0.790	10.601	28.740
root	go	36433	0.514	25.965	64.117
_json	go	46287	0.654	13.524	38.974
_payload	go	50840	0.665	10.459	19.354
_hello_world	go	49339	0.666	11.526	24.638
_echo	go	44950	0.592	14.221	41.909
root	bun	31153	1.823	4.958	13.510
_json	bun	35321	1.674	3.761	4.592
_payload	bun	34692	1.698	3.834	4.964
_hello_world	bun	30460	1.874	5.112	13.284
_echo	bun	31635	1.829	4.482	11.427
root	hummingbird	45950	0.638	13.365	26.310
_json	hummingbird	44030	0.598	14.663	29.569
_payload	hummingbird	44234	0.607	14.794	30.439
_hello_world	hummingbird	42314	0.581	16.689	33.564
_echo	hummingbird	40472	0.583	17.667	37.499
root	vapor	41733	0.786	9.827	19.043
_json	vapor	44469	0.805	8.241	15.888
_payload	vapor	45456	0.780	7.908	14.359
_hello_world	vapor	43131	0.885	7.953	14.800
_echo	vapor	46843	0.788	7.506	14.700
root	ours(posixKqueue)	53478	0.867	6.656	12.010
_json	ours(posixKqueue)	50555	0.879	7.957	16.551
_payload	ours(posixKqueue)	46083	1.032	7.617	14.988
_hello_world	ours(posixKqueue)	49041	0.868	8.153	17.565
_echo	ours(posixKqueue)	51148	0.916	6.934	12.327
root	ours(swiftSystem)	41548	0.747	15.780	41.998
_json	ours(swiftSystem)	41523	0.704	16.680	36.185
_payload	ours(swiftSystem)	38611	0.924	14.778	27.649
_hello_world	ours(swiftSystem)	41096	0.739	17.039	35.597
_echo	ours(swiftSystem)	43520	0.749	14.059	59.079
root	nginx	31377	1.711	7.188	48.104
_json	nginx	39302	1.485	4.849	14.240
_payload	nginx	28317	1.632	12.820	54.036
_hello_world	nginx	26473	2.193	6.550	26.290
_echo	nginx	N/A	-	-	-
root	rust	46560	0.684	17.791	49.034
_json	rust	54437	0.835	7.859	20.276
_payload	rust	50962	0.824	10.219	32.622
_hello_world	rust	49860	0.801	11.264	32.070
_echo	rust	49658	0.840	9.304	27.275
root	go	35249	0.527	26.971	72.614
_json	go	35370	0.550	26.083	68.876
_payload	go	45049	0.573	15.956	37.871
_hello_world	go	45159	0.580	15.265	31.520
_echo	go	44295	0.627	13.053	38.970
root	bun	28206	1.755	8.338	39.894
_json	bun	28363	1.806	6.807	36.107
_payload	bun	32272	1.723	5.638	18.099
_hello_world	bun	11013	2.933	66.660	107.294
_echo	bun	12418	2.406	51.008	170.995
root	hummingbird	21583	0.568	56.085	123.500
_json	hummingbird	19192	0.540	65.155	141.647
_payload	hummingbird	37922	0.546	21.228	55.835
_hello_world	hummingbird	40237	0.541	18.545	41.365
_echo	hummingbird	40645	0.537	19.040	42.774
root	vapor	37487	0.705	13.276	24.311
_json	vapor	45407	0.790	7.944	14.977
_payload	vapor	43297	0.776	8.633	19.369
_hello_world	vapor	45187	0.912	6.903	12.764
_echo	vapor	45343	0.757	8.503	16.103
root	ours(posixKqueue)	47594	0.802	10.358	24.478
_json	ours(posixKqueue)	50674	0.853	8.539	19.890
_payload	ours(posixKqueue)	49554	0.969	6.830	12.442
_hello_world	ours(posixKqueue)	50620	0.857	8.717	17.865
_echo	ours(posixKqueue)	38971	0.708	19.576	65.801
root	ours(swiftSystem)	48605	0.819	10.552	24.728
_json	ours(swiftSystem)	48633	0.778	10.406	22.226
_payload	ours(swiftSystem)	45913	0.945	8.579	20.000
_hello_world	ours(swiftSystem)	48876	0.802	10.002	23.011
_echo	ours(swiftSystem)	48915	0.764	10.666	20.945
root	nginx	40953	1.469	3.828	10.050
_json	nginx	46436	1.366	1.989	4.019
_payload	nginx	45769	1.393	1.920	2.875
_hello_world	nginx	32560	1.588	8.720	22.324
_echo	nginx	N/A	-	-	-
root	rust	59010	0.986	3.538	7.863
_json	rust	57882	0.970	4.653	13.511
_payload	rust	56057	0.918	6.123	15.723
_hello_world	rust	57820	0.994	3.677	11.885
_echo	rust	57406	0.926	5.289	16.082
root	go	55832	0.851	6.376	12.768
_json	go	54601	0.793	7.468	13.956
_payload	go	48330	0.707	10.589	25.438
_hello_world	go	53939	0.763	7.944	16.528
_echo	go	53418	0.766	7.858	13.740
root	bun	33542	1.622	4.943	9.235
_json	bun	37532	1.585	3.479	4.320
_payload	bun	37718	1.591	3.424	3.973
_hello_world	bun	37513	1.594	3.438	4.067
_echo	bun	35140	1.680	3.747	7.759
root	hummingbird	45103	0.597	14.680	30.219
_json	hummingbird	44391	0.560	15.464	31.558
_payload	hummingbird	38522	0.561	20.590	51.906
_hello_world	hummingbird	43180	0.558	16.700	33.322
_echo	hummingbird	37982	0.576	20.936	46.363
root	vapor	39287	0.718	13.591	41.290
_json	vapor	45634	0.792	7.541	13.916
_payload	vapor	42833	0.797	8.589	15.823
_hello_world	vapor	43282	0.897	7.578	12.768
_echo	vapor	46515	0.763	7.284	13.677
