root	ours(posixKqueue)	44270	0.790	12.664	25.015
_json	ours(posixKqueue)	41195	0.789	15.107	31.250
_payload	ours(posixKqueue)	38653	1.047	12.633	25.679
_hello_world	ours(posixKqueue)	45624	0.802	11.615	21.253
_echo	ours(posixKqueue)	47346	0.783	10.887	21.258
root	ours(swiftSystem)	50174	0.817	8.674	15.562
_json	ours(swiftSystem)	46995	0.833	10.252	20.282
_payload	ours(swiftSystem)	42508	1.052	9.188	18.046
_hello_world	ours(swiftSystem)	49887	0.906	7.708	14.388
_echo	ours(swiftSystem)	52551	0.816	8.130	19.677
root	nginx	46094	1.357	2.232	2.970
_json	nginx	40902	1.487	3.065	5.000
_payload	nginx	40529	1.508	3.027	5.726
_hello_world	nginx	38697	1.500	4.169	15.944
_echo	nginx	N/A	-	-	-
root	rust	43529	0.576	20.224	47.227
_json	rust	56692	1.005	3.597	13.034
_payload	rust	57497	1.020	3.091	7.314
_hello_world	rust	58380	0.975	3.790	9.785
_echo	rust	57214	0.962	4.617	10.116
root	go	52648	0.827	7.427	14.730
_json	go	55524	0.838	6.510	13.014
_payload	go	53073	0.835	7.409	14.813
_hello_world	go	55470	0.859	6.478	13.823
_echo	go	55243	0.861	6.209	13.082
root	bun	40459	1.498	3.212	4.029
_json	bun	39207	1.530	3.337	4.152
_payload	bun	37725	1.578	3.508	4.828
_hello_world	bun	37543	1.581	3.514	4.520
_echo	bun	35726	1.667	3.675	4.635
root	hummingbird	47722	0.572	12.717	25.365
_json	hummingbird	45542	0.577	14.332	27.505
_payload	hummingbird	47720	0.570	13.229	28.078
_hello_world	hummingbird	47774	0.556	13.286	27.234
_echo	hummingbird	47518	0.578	13.481	26.749
root	vapor	49465	0.799	6.755	12.699
_json	vapor	41636	0.729	11.540	40.753
_payload	vapor	40726	0.729	11.238	21.981
_hello_world	vapor	40812	0.887	9.036	17.310
_echo	vapor	33624	0.698	17.584	96.453
root	ours(posixKqueue)	47031	0.754	11.781	25.573
_json	ours(posixKqueue)	46250	0.772	10.963	46.627
_payload	ours(posixKqueue)	36751	0.872	17.372	57.085
_hello_world	ours(posixKqueue)	34291	0.703	17.917	122.442
_echo	ours(posixKqueue)	25966	0.542	62.561	145.121
root	ours(swiftSystem)	39514	0.740	18.425	45.444
_json	ours(swiftSystem)	44598	0.774	12.913	29.562
_payload	ours(swiftSystem)	39351	0.983	12.234	28.527
_hello_world	ours(swiftSystem)	41029	0.740	14.379	50.982
_echo	ours(swiftSystem)	44350	0.726	13.163	37.101
root	nginx	37714	1.503	6.924	23.522
_json	nginx	42039	1.434	3.681	10.151
_payload	nginx	40740	1.472	3.731	14.604
_hello_world	nginx	39832	1.520	3.196	5.804
_echo	nginx	N/A	-	-	-
root	rust	53371	0.852	8.539	21.425
_json	rust	51835	0.777	10.095	29.022
_payload	rust	51820	0.722	10.693	28.396
_hello_world	rust	50521	0.716	11.632	30.137
_echo	rust	52507	0.750	10.831	30.553
root	go	44806	0.564	15.969	38.989
_json	go	50322	0.706	10.500	29.894
_payload	go	48407	0.604	12.496	27.513
_hello_world	go	48462	0.648	12.799	36.065
_echo	go	42640	0.540	17.281	42.445
root	bun	34031	1.646	5.374	15.376
_json	bun	25465	1.933	10.617	64.840
_payload	bun	29579	1.937	5.484	20.871
_hello_world	bun	13572	2.264	55.595	131.226
_echo	bun	10182	2.777	82.306	190.449
root	hummingbird	26506	0.523	42.384	87.829
_json	hummingbird	36311	0.524	23.122	57.950
_payload	hummingbird	30977	0.575	28.966	64.249
_hello_world	hummingbird	36692	0.505	23.987	59.127
_echo	hummingbird	34222	0.511	26.792	75.557
root	vapor	41414	0.717	10.148	23.075
_json	vapor	43100	0.731	9.391	21.120
_payload	vapor	39004	0.741	11.206	26.803
_hello_world	vapor	35950	0.808	12.984	28.572
_echo	vapor	39500	0.676	12.162	45.889
root	ours(posixKqueue)	43969	0.690	15.382	30.350
_json	ours(posixKqueue)	42469	0.731	14.730	32.860
_payload	ours(posixKqueue)	42002	0.915	12.364	29.338
_hello_world	ours(posixKqueue)	43850	0.710	13.647	42.603
_echo	ours(posixKqueue)	44054	0.731	14.850	34.946
root	ours(swiftSystem)	26082	0.654	51.769	129.479
_json	ours(swiftSystem)	23099	0.703	59.563	154.225
_payload	ours(swiftSystem)	38594	0.880	14.906	33.691
_hello_world	ours(swiftSystem)	39916	0.770	17.910	38.375
_echo	ours(swiftSystem)	36823	0.689	20.459	69.955
root	nginx	27064	1.883	7.552	79.930
_json	nginx	38038	1.543	4.902	14.651
_payload	nginx	41336	1.454	3.324	11.927
_hello_world	nginx	40677	1.521	2.586	3.765
_echo	nginx	N/A	-	-	-
root	rust	54400	0.789	9.028	24.062
_json	rust	57871	0.893	5.974	14.189
_payload	rust	55572	0.924	5.674	16.923
_hello_world	rust	59875	0.988	2.653	7.079
_echo	rust	58812	1.000	2.945	6.021
root	go	46160	0.674	12.861	40.170
_json	go	53279	0.721	8.637	15.792
_payload	go	49291	0.680	11.847	28.011
_hello_world	go	52935	0.761	8.279	15.812
_echo	go	53627	0.813	6.693	10.970
root	bun	38984	1.525	3.400	4.468
_json	bun	39467	1.509	3.394	4.533
_payload	bun	40224	1.511	3.204	3.919
_hello_world	bun	39230	1.542	3.315	4.195
_echo	bun	37752	1.609	3.416	4.150
root	hummingbird	43888	0.529	16.502	46.194
_json	hummingbird	43064	0.507	17.481	39.680
_payload	hummingbird	38725	0.503	22.101	54.098
_hello_world	hummingbird	48276	0.544	13.485	27.042
_echo	hummingbird	48049	0.565	13.506	27.850
root	vapor	46303	0.718	8.163	16.269
_json	vapor	40897	0.710	10.990	41.962
_payload	vapor	45555	0.766	8.215	16.407
_hello_world	vapor	43002	0.862	8.006	15.499
_echo	vapor	42980	0.709	9.305	21.247
